age,job,marital,education,default,balance,housing,loan,contact,day,month,duration,campaign,pdays,previous,poutcome,y,balance_inr,segment,life_stage,risk_profile,employed,loan_eligible,investment_score
42,blue-collar,married,primary,no,2519,yes,no,unknown,15,may,262,4,-1,0,unknown,no,226710,Affluent,Mid Career,Moderate,True,True,48
37,technician,married,secondary,no,2209,no,no,unknown,20,jun,167,2,-1,0,unknown,no,198810,Emerging Affluent,Mid Career,Moderate,True,True,76
32,admin.,married,secondary,no,923,yes,no,cellular,17,apr,819,4,-1,0,unknown,no,83070,Emerging Affluent,Early Career,Aggressive,True,True,37
53,blue-collar,married,primary,no,306,no,no,cellular,28,jul,388,3,181,1,success,yes,27540,Mass,Pre-Retirement,Moderate,True,True,62
32,technician,single,tertiary,no,257,yes,no,unknown,2,jun,183,5,-1,0,unknown,no,23130,Mass,Early Career,Moderate,True,True,32
28,admin.,single,secondary,no,-36,yes,no,cellular,18,may,379,1,-1,0,unknown,no,-3240,Mass,Early Career,Moderate,True,False,30
41,unemployed,married,secondary,no,0,no,no,cellular,31,jul,847,14,-1,0,unknown,no,0,Mass,Mid Career,Moderate,False,False,60
36,admin.,single,secondary,no,3457,no,no,unknown,19,may,103,4,-1,0,unknown,no,311130,Affluent,Mid Career,Moderate,True,True,85
44,blue-collar,married,secondary,no,236,yes,no,unknown,12,may,596,1,-1,0,unknown,no,21240,Mass,Mid Career,Moderate,True,True,32
28,blue-collar,single,secondary,no,1285,no,no,telephone,30,jan,199,2,2,17,other,no,115650,Emerging Affluent,Early Career,Aggressive,True,True,69
35,blue-collar,single,secondary,no,-41,yes,no,unknown,2,jun,169,1,-1,0,unknown,no,-3690,Mass,Early Career,Moderate,True,False,30
50,entrepreneur,divorced,tertiary,no,315,no,no,cellular,8,jan,249,1,119,1,failure,no,28350,Mass,Mid Career,Moderate,True,True,62
31,services,married,secondary,no,0,no,yes,cellular,21,nov,208,1,-1,0,unknown,no,0,Mass,Early Career,Moderate,True,False,40
55,retired,married,secondary,no,1467,no,yes,cellular,29,jul,277,2,-1,0,unknown,no,132030,Emerging Affluent,Pre-Retirement,Conservative,False,True,51
31,entrepreneur,single,tertiary,no,1957,no,no,cellular,4,feb,112,3,-1,0,unknown,no,176130,Emerging Affluent,Early Career,Aggressive,True,True,74
44,technician,divorced,secondary,no,-329,yes,no,unknown,7,may,171,1,-1,0,unknown,no,-29610,Mass,Mid Career,Moderate,True,False,30
36,management,single,tertiary,no,1,yes,no,cellular,13,may,131,1,-1,0,unknown,no,90,Mass,Mid Career,Moderate,True,False,30
70,management,married,tertiary,no,5563,no,no,cellular,6,feb,146,1,-1,0,unknown,no,500670,HNI,Senior,Conservative,True,True,100
37,blue-collar,divorced,secondary,yes,-689,no,no,unknown,18,jun,15,1,-1,0,unknown,no,-62010,Mass,Mid Career,Conservative,True,False,50
30,technician,single,secondary,no,778,yes,no,cellular,18,may,22,2,346,2,failure,no,70020,Emerging Affluent,Early Career,Aggressive,True,True,36
49,housemaid,divorced,primary,no,164,yes,no,unknown,9,may,1080,5,-1,0,unknown,no,14760,Mass,Mid Career,Moderate,True,True,31
35,unemployed,single,secondary,no,0,no,no,cellular,30,jul,740,3,-1,0,unknown,no,0,Mass,Early Career,Moderate,False,False,60
37,management,single,tertiary,no,2875,no,no,cellular,20,nov,110,2,-1,0,unknown,no,258750,Affluent,Mid Career,Moderate,True,True,81
32,management,married,secondary,no,1477,yes,no,cellular,18,nov,111,1,-1,0,unknown,no,132930,Emerging Affluent,Early Career,Aggressive,True,True,41
44,technician,divorced,secondary,no,0,yes,no,cellular,7,jul,835,4,-1,0,unknown,no,0,Mass,Mid Career,Moderate,True,False,30
63,technician,married,secondary,no,896,yes,no,cellular,14,aug,276,2,-1,0,unknown,yes,80640,Emerging Affluent,Senior,Conservative,True,True,36
31,technician,married,secondary,no,439,no,no,unknown,4,oct,5,1,-1,0,unknown,no,39510,Mass,Early Career,Moderate,True,True,63
29,management,married,secondary,no,231,no,no,cellular,14,may,1075,1,14,1,failure,yes,20790,Mass,Early Career,Moderate,True,True,62
38,entrepreneur,divorced,tertiary,no,7929,no,no,cellular,8,jul,182,3,-1,0,unknown,no,713610,HNI,Mid Career,Moderate,True,True,100
53,management,divorced,tertiary,no,5187,no,yes,cellular,17,nov,560,2,-1,0,unknown,no,466830,Affluent,Pre-Retirement,Moderate,True,True,77
30,technician,single,tertiary,no,1070,no,no,cellular,14,dec,446,2,-1,0,unknown,no,96300,Emerging Affluent,Early Career,Aggressive,True,True,68
30,services,married,secondary,no,179,yes,no,unknown,28,may,64,1,-1,0,unknown,no,16110,Mass,Early Career,Moderate,True,True,31
32,technician,married,secondary,no,286,no,no,cellular,20,apr,60,1,343,4,failure,no,25740,Mass,Early Career,Moderate,True,True,62
35,services,married,secondary,no,630,yes,no,unknown,7,may,17,2,-1,0,unknown,no,56700,Emerging Affluent,Early Career,Moderate,True,True,35
28,student,single,tertiary,no,737,yes,no,unknown,27,may,125,1,-1,0,unknown,no,66330,Emerging Affluent,Early Career,Aggressive,False,True,35
39,blue-collar,married,secondary,no,263,yes,no,cellular,18,nov,365,1,-1,0,unknown,no,23670,Mass,Mid Career,Moderate,True,True,32
56,blue-collar,married,primary,no,0,yes,no,cellular,17,jul,82,1,-1,0,unknown,no,0,Mass,Pre-Retirement,Conservative,True,False,30
32,technician,married,tertiary,no,2688,no,no,cellular,14,oct,216,1,57,1,failure,yes,241920,Affluent,Early Career,Aggressive,True,True,79
37,blue-collar,single,unknown,no,217,no,no,cellular,23,sep,272,2,-1,0,unknown,yes,19530,Mass,Mid Career,Moderate,True,True,62
29,admin.,single,unknown,no,175,no,no,unknown,28,may,597,3,-1,0,unknown,no,15750,Mass,Early Career,Moderate,True,True,61
51,blue-collar,divorced,unknown,no,10287,yes,no,unknown,29,may,117,1,-1,0,unknown,no,925830,HNI,Pre-Retirement,Moderate,True,True,70
38,blue-collar,married,secondary,no,422,yes,no,cellular,11,may,286,3,-1,0,unknown,no,37980,Mass,Mid Career,Moderate,True,True,33
40,blue-collar,single,secondary,no,1066,yes,no,unknown,21,may,171,1,-1,0,unknown,no,95940,Emerging Affluent,Mid Career,Moderate,True,True,38
34,admin.,single,secondary,no,4447,yes,no,cellular,2,jun,159,1,84,2,failure,no,400230,Affluent,Early Career,Aggressive,True,True,62
48,technician,divorced,tertiary,no,2328,no,no,cellular,27,aug,129,7,-1,0,unknown,no,209520,Affluent,Mid Career,Moderate,True,True,77
29,blue-collar,married,unknown,no,356,yes,no,unknown,4,jun,169,2,-1,0,unknown,no,32040,Mass,Early Career,Moderate,True,True,33
60,retired,married,secondary,no,8332,no,no,cellular,16,mar,279,1,194,7,other,yes,749880,HNI,Pre-Retirement,Conservative,False,True,100
43,services,married,primary,no,2567,yes,no,cellular,14,may,109,1,360,2,failure,no,231030,Affluent,Mid Career,Moderate,True,True,48
30,technician,married,secondary,no,13,yes,yes,cellular,24,jul,205,1,-1,0,unknown,no,1170,Mass,Early Career,Conservative,True,False,10
56,retired,married,secondary,no,1678,yes,no,unknown,15,may,79,1,-1,0,unknown,no,151020,Emerging Affluent,Pre-Retirement,Conservative,False,True,42
38,blue-collar,single,secondary,no,-1,yes,no,unknown,7,may,72,1,-1,0,unknown,no,-90,Mass,Mid Career,Moderate,True,False,30
28,student,single,secondary,no,1925,no,no,cellular,25,may,252,1,88,4,failure,yes,173250,Emerging Affluent,Early Career,Aggressive,False,True,74
45,management,married,secondary,no,1134,no,yes,cellular,9,feb,102,4,-1,0,unknown,no,102060,Emerging Affluent,Mid Career,Moderate,True,True,48
56,services,married,secondary,no,530,yes,no,unknown,20,may,51,7,-1,0,unknown,no,47700,Mass,Pre-Retirement,Conservative,True,True,34
32,blue-collar,single,secondary,no,1415,yes,no,cellular,17,apr,645,1,345,1,failure,no,127350,Emerging Affluent,Early Career,Aggressive,True,True,40
36,blue-collar,divorced,secondary,no,-11,no,no,unknown,5,jun,152,2,-1,0,unknown,no,-990,Mass,Mid Career,Moderate,True,False,60
34,services,married,secondary,no,-52,no,no,unknown,13,aug,12,1,-1,0,unknown,no,-4680,Mass,Early Career,Moderate,True,False,60
55,retired,divorced,tertiary,no,-458,yes,no,cellular,23,jul,1331,3,-1,0,unknown,no,-41220,Mass,Pre-Retirement,Conservative,False,False,30
40,technician,married,secondary,no,6,yes,no,cellular,16,jul,464,1,-1,0,unknown,no,540,Mass,Mid Career,Moderate,True,False,30
48,admin.,divorced,secondary,no,295,yes,no,cellular,17,nov,123,1,164,2,success,no,26550,Mass,Mid Career,Moderate,True,True,32
34,blue-collar,single,primary,yes,-2,no,yes,cellular,7,jul,199,1,-1,0,unknown,no,-180,Mass,Early Career,Conservative,True,False,30
39,unemployed,married,primary,no,1147,yes,yes,cellular,6,may,232,2,363,5,failure,no,103230,Emerging Affluent,Mid Career,Conservative,False,True,18
51,admin.,married,secondary,no,0,no,no,unknown,5,jun,78,1,-1,0,unknown,no,0,Mass,Pre-Retirement,Moderate,True,False,60
48,technician,married,secondary,no,0,no,no,cellular,28,jan,142,1,-1,0,unknown,no,0,Mass,Mid Career,Moderate,True,False,60
52,management,married,tertiary,no,249,yes,yes,telephone,7,may,100,1,-1,0,unknown,no,22410,Mass,Pre-Retirement,Conservative,True,True,12
26,technician,single,tertiary,no,1972,yes,no,cellular,29,jan,221,2,-1,0,unknown,no,177480,Emerging Affluent,Early Career,Aggressive,True,True,44
47,blue-collar,married,unknown,no,-345,yes,no,unknown,19,may,18,14,-1,0,unknown,no,-31050,Mass,Mid Career,Moderate,True,False,30
43,admin.,single,secondary,no,733,yes,no,cellular,25,may,282,1,187,3,success,yes,65970,Emerging Affluent,Mid Career,Moderate,True,True,35
57,retired,married,secondary,no,49,yes,yes,cellular,25,aug,93,4,-1,0,unknown,no,4410,Mass,Pre-Retirement,Conservative,False,False,10
36,management,married,tertiary,no,0,no,no,cellular,27,aug,558,11,-1,0,unknown,no,0,Mass,Mid Career,Moderate,True,False,60
54,blue-collar,married,secondary,no,-932,yes,no,unknown,7,may,799,1,-1,0,unknown,no,-83880,Mass,Pre-Retirement,Moderate,True,False,30
27,technician,divorced,secondary,no,162,yes,no,cellular,24,jul,203,1,-1,0,unknown,no,14580,Mass,Early Career,Moderate,True,True,31
40,admin.,married,secondary,no,0,yes,yes,cellular,17,nov,57,1,-1,0,unknown,no,0,Mass,Mid Career,Conservative,True,False,10
29,blue-collar,married,primary,no,243,no,yes,cellular,11,jul,109,2,-1,0,unknown,no,21870,Mass,Early Career,Moderate,True,True,42
41,self-employed,divorced,tertiary,no,4418,yes,no,cellular,21,nov,855,3,-1,0,unknown,no,397620,Affluent,Mid Career,Moderate,True,True,62
37,management,married,tertiary,no,655,no,no,unknown,28,may,244,3,-1,0,unknown,no,58950,Emerging Affluent,Mid Career,Moderate,True,True,65
29,management,single,tertiary,no,726,yes,no,unknown,9,may,200,3,-1,0,unknown,no,65340,Emerging Affluent,Early Career,Aggressive,True,True,35
46,blue-collar,married,primary,no,292,yes,no,cellular,20,apr,386,2,234,4,failure,no,26280,Mass,Mid Career,Moderate,True,True,32
53,entrepreneur,married,tertiary,no,1046,yes,yes,cellular,30,jul,50,20,-1,0,unknown,no,94140,Emerging Affluent,Pre-Retirement,Conservative,True,True,18
33,management,single,tertiary,no,1431,no,no,cellular,30,apr,94,1,85,2,failure,no,128790,Emerging Affluent,Early Career,Aggressive,True,True,70
50,entrepreneur,married,tertiary,no,8649,yes,no,cellular,20,nov,141,1,-1,0,unknown,no,778410,HNI,Mid Career,Moderate,True,True,70
54,entrepreneur,married,secondary,no,2791,no,no,unknown,6,jun,94,1,-1,0,unknown,no,251190,Affluent,Pre-Retirement,Moderate,True,True,80
59,services,married,primary,no,31,no,no,unknown,16,jun,41,3,-1,0,unknown,no,2790,Mass,Pre-Retirement,Conservative,True,False,60
37,management,divorced,tertiary,no,0,yes,no,cellular,6,aug,99,5,-1,0,unknown,no,0,Mass,Mid Career,Moderate,True,False,30
37,technician,married,tertiary,no,8730,yes,no,unknown,6,may,149,1,-1,0,unknown,no,785700,HNI,Mid Career,Moderate,True,True,70
36,admin.,single,tertiary,no,1568,no,no,unknown,17,jun,433,2,-1,0,unknown,no,141120,Emerging Affluent,Mid Career,Moderate,True,True,71
43,technician,single,secondary,no,451,no,no,cellular,12,aug,289,2,-1,0,unknown,yes,40590,Mass,Mid Career,Moderate,True,True,63
33,technician,married,unknown,no,0,no,no,unknown,8,may,345,2,-1,0,unknown,no,0,Mass,Early Career,Moderate,True,False,60
37,management,married,tertiary,no,6771,no,no,cellular,7,sep,337,1,186,1,success,yes,609390,HNI,Mid Career,Moderate,True,True,100
52,management,single,tertiary,no,37,no,no,cellular,7,jul,1284,1,-1,0,unknown,no,3330,Mass,Pre-Retirement,Moderate,True,False,60
32,services,single,secondary,no,0,yes,no,cellular,31,jul,99,13,-1,0,unknown,no,0,Mass,Early Career,Moderate,True,False,30
34,management,married,tertiary,no,1778,no,no,cellular,5,feb,99,1,93,3,success,no,160020,Emerging Affluent,Early Career,Aggressive,True,True,73
33,management,single,tertiary,no,275,no,no,cellular,18,nov,348,1,-1,0,unknown,no,24750,Mass,Early Career,Moderate,True,True,62
37,management,single,tertiary,no,0,no,no,cellular,26,aug,99,6,-1,0,unknown,no,0,Mass,Mid Career,Moderate,True,False,60
29,management,single,tertiary,no,1895,no,no,cellular,28,jul,97,6,-1,0,unknown,no,170550,Emerging Affluent,Early Career,Aggressive,True,True,74
36,blue-collar,married,primary,yes,-1168,yes,no,unknown,29,may,216,7,-1,0,unknown,no,-105120,Mass,Mid Career,Conservative,True,False,20
44,technician,married,primary,no,177,yes,no,unknown,19,may,197,4,-1,0,unknown,no,15930,Mass,Mid Career,Moderate,True,True,31
32,management,single,tertiary,no,1169,yes,no,unknown,21,may,322,2,-1,0,unknown,no,105210,Emerging Affluent,Early Career,Aggressive,True,True,38
54,retired,married,primary,no,235,no,yes,cellular,21,nov,353,2,113,5,failure,no,21150,Mass,Pre-Retirement,Moderate,False,True,42
29,blue-collar,married,secondary,no,-191,no,yes,cellular,14,jul,115,2,-1,0,unknown,no,-17190,Mass,Early Career,Moderate,True,False,40
31,admin.,married,secondary,no,377,no,no,cellular,31,jul,384,4,-1,0,unknown,no,33930,Mass,Early Career,Moderate,True,True,63
36,admin.,married,tertiary,no,0,yes,no,cellular,22,jul,62,1,-1,0,unknown,no,0,Mass,Mid Career,Moderate,True,False,30
49,management,divorced,secondary,no,4908,no,no,cellular,31,jul,42,4,-1,0,unknown,no,441720,Affluent,Mid Career,Moderate,True,True,95
51,management,married,primary,yes,57,yes,yes,unknown,8,may,61,1,-1,0,unknown,no,5130,Mass,Pre-Retirement,Conservative,True,False,0
47,admin.,married,unknown,no,0,yes,no,unknown,7,may,164,1,-1,0,unknown,no,0,Mass,Mid Career,Moderate,True,False,30
27,blue-collar,single,secondary,no,-208,yes,no,unknown,21,may,127,2,-1,0,unknown,no,-18720,Mass,Early Career,Moderate,True,False,30
36,management,married,tertiary,no,369,no,no,cellular,8,aug,75,2,-1,0,unknown,no,33210,Mass,Mid Career,Moderate,True,True,63
47,self-employed,married,secondary,no,1803,no,no,cellular,30,jan,188,2,-1,0,unknown,no,162270,Emerging Affluent,Mid Career,Moderate,True,True,73
52,management,divorced,tertiary,no,12,yes,no,unknown,30,may,33,5,-1,0,unknown,no,1080,Mass,Pre-Retirement,Moderate,True,False,30
53,technician,divorced,secondary,no,751,yes,no,unknown,16,may,343,4,-1,0,unknown,no,67590,Emerging Affluent,Pre-Retirement,Moderate,True,True,35
56,self-employed,married,secondary,no,123,no,no,unknown,13,may,81,1,-1,0,unknown,no,11070,Mass,Pre-Retirement,Conservative,True,True,61
40,admin.,divorced,secondary,no,220,yes,no,cellular,18,may,197,2,-1,0,unknown,no,19800,Mass,Mid Career,Moderate,True,True,32
40,entrepreneur,married,secondary,no,1349,no,no,cellular,20,nov,82,3,-1,0,unknown,no,121410,Emerging Affluent,Mid Career,Moderate,True,True,70
27,blue-collar,single,secondary,no,5563,yes,no,unknown,30,may,435,2,-1,0,unknown,no,500670,HNI,Early Career,Aggressive,True,True,70
36,technician,married,secondary,no,197,yes,no,cellular,7,may,589,2,-1,0,unknown,no,17730,Mass,Mid Career,Moderate,True,True,31
39,admin.,married,tertiary,no,1322,yes,no,cellular,24,sep,157,3,486,1,other,no,118980,Emerging Affluent,Mid Career,Moderate,True,True,40
38,technician,single,secondary,no,372,no,no,unknown,23,may,59,3,-1,0,unknown,no,33480,Mass,Mid Career,Moderate,True,True,63
44,self-employed,married,unknown,no,680,yes,no,telephone,30,jul,84,4,-1,0,unknown,no,61200,Emerging Affluent,Mid Career,Moderate,True,True,35
37,services,married,primary,yes,-483,yes,yes,cellular,6,may,222,2,168,3,failure,no,-43470,Mass,Mid Career,Conservative,True,False,0
38,technician,single,secondary,no,2079,yes,yes,unknown,29,may,122,1,-1,0,unknown,no,187110,Emerging Affluent,Mid Career,Conservative,True,True,25
75,retired,divorced,primary,no,3881,yes,no,cellular,4,feb,136,3,-1,0,unknown,yes,349290,Affluent,Senior,Conservative,False,True,58
43,blue-collar,married,primary,no,-404,yes,yes,cellular,12,may,205,2,306,1,failure,no,-36360,Mass,Mid Career,Conservative,True,False,10
22,student,single,secondary,no,2412,yes,no,unknown,9,may,238,2,-1,0,unknown,no,217080,Affluent,Young Adult,Aggressive,False,True,47
31,admin.,divorced,secondary,no,1210,no,no,cellular,16,jul,350,1,-1,0,unknown,no,108900,Emerging Affluent,Early Career,Aggressive,True,True,69
32,blue-collar,married,secondary,no,-1500,yes,no,unknown,27,may,157,2,-1,0,unknown,no,-135000,Mass,Early Career,Moderate,True,False,30
38,entrepreneur,married,tertiary,no,227,yes,no,cellular,4,feb,89,1,209,1,failure,no,20430,Mass,Mid Career,Moderate,True,True,32
30,blue-collar,married,secondary,no,1780,yes,no,unknown,28,may,116,12,-1,0,unknown,no,160200,Emerging Affluent,Early Career,Aggressive,True,True,43
31,entrepreneur,single,secondary,no,37,no,no,cellular,8,aug,73,2,-1,0,unknown,no,3330,Mass,Early Career,Moderate,True,False,60
33,management,single,tertiary,no,641,yes,no,cellular,4,feb,147,1,253,7,other,no,57690,Emerging Affluent,Early Career,Aggressive,True,True,35
53,management,married,tertiary,no,597,no,no,unknown,22,feb,392,1,-1,0,unknown,yes,53730,Emerging Affluent,Pre-Retirement,Moderate,True,True,64
45,services,married,secondary,no,520,yes,no,unknown,15,may,714,4,-1,0,unknown,no,46800,Mass,Mid Career,Moderate,True,True,34
54,management,divorced,tertiary,no,12018,yes,no,cellular,21,dec,267,2,-1,0,unknown,yes,1081620,HNI,Pre-Retirement,Moderate,True,True,70
42,management,married,unknown,no,933,no,no,cellular,18,may,212,1,-1,0,unknown,no,83970,Emerging Affluent,Mid Career,Moderate,True,True,67
35,entrepreneur,single,secondary,no,12961,yes,no,unknown,21,may,272,2,-1,0,unknown,no,1166490,HNI,Early Career,Moderate,True,True,70
31,housemaid,married,primary,no,-184,yes,no,cellular,24,jul,326,1,-1,0,unknown,no,-16560,Mass,Early Career,Moderate,True,False,30
72,retired,divorced,primary,no,0,no,no,telephone,28,aug,359,1,-1,0,unknown,no,0,Mass,Senior,Conservative,False,False,60
67,retired,divorced,secondary,no,704,no,no,cellular,8,feb,186,2,97,1,success,yes,63360,Emerging Affluent,Senior,Conservative,False,True,65
44,blue-collar,married,primary,no,-89,no,yes,cellular,23,jul,187,4,-1,0,unknown,no,-8010,Mass,Mid Career,Moderate,True,False,40
30,management,single,tertiary,no,1692,yes,no,cellular,15,may,251,1,-1,0,unknown,no,152280,Emerging Affluent,Early Career,Aggressive,True,True,42
34,blue-collar,married,primary,no,3,yes,no,cellular,13,may,369,2,-1,0,unknown,no,270,Mass,Early Career,Moderate,True,False,30
36,blue-collar,divorced,secondary,no,719,yes,no,unknown,13,may,1052,1,-1,0,unknown,no,64710,Emerging Affluent,Mid Career,Moderate,True,True,35
43,technician,married,secondary,no,282,no,yes,cellular,21,nov,48,2,-1,0,unknown,no,25380,Mass,Mid Career,Moderate,True,True,42
31,technician,married,secondary,no,141,no,no,cellular,20,aug,110,2,-1,0,unknown,no,12690,Mass,Early Career,Moderate,True,True,61
28,admin.,married,secondary,no,-247,yes,yes,cellular,30,jan,121,1,240,2,failure,no,-22230,Mass,Early Career,Conservative,True,False,10
36,self-employed,single,tertiary,no,577,yes,no,cellular,15,may,33,1,298,1,failure,no,51930,Emerging Affluent,Mid Career,Moderate,True,True,34
34,technician,married,secondary,yes,91,no,no,cellular,29,aug,67,4,-1,0,unknown,no,8190,Mass,Early Career,Conservative,True,False,51
40,blue-collar,married,primary,no,117,yes,no,unknown,19,jun,172,3,-1,0,unknown,no,10530,Mass,Mid Career,Moderate,True,True,31
36,blue-collar,married,primary,no,272,no,no,unknown,11,jun,222,2,-1,0,unknown,no,24480,Mass,Mid Career,Moderate,True,True,62
36,blue-collar,married,secondary,no,0,yes,no,telephone,8,may,91,2,170,2,failure,no,0,Mass,Mid Career,Moderate,True,False,30
31,admin.,single,secondary,no,43,no,no,unknown,1,jul,484,1,-1,0,unknown,no,3870,Mass,Early Career,Moderate,True,False,60
32,blue-collar,single,secondary,no,82,yes,no,cellular,28,jul,86,4,-1,0,unknown,no,7380,Mass,Early Career,Moderate,True,False,31
53,technician,married,tertiary,no,476,yes,no,cellular,28,jan,160,1,-1,0,unknown,no,42840,Mass,Pre-Retirement,Moderate,True,True,33
44,admin.,divorced,secondary,no,397,yes,yes,cellular,16,feb,127,1,257,1,other,yes,35730,Mass,Mid Career,Conservative,True,True,13
55,management,married,tertiary,no,685,yes,no,unknown,5,may,174,3,-1,0,unknown,no,61650,Emerging Affluent,Pre-Retirement,Conservative,True,True,35
50,management,married,tertiary,no,1822,yes,no,cellular,20,apr,6,1,-1,0,unknown,no,163980,Emerging Affluent,Mid Career,Moderate,True,True,43
30,entrepreneur,married,primary,no,2686,yes,no,cellular,15,jul,808,3,-1,0,unknown,yes,241740,Affluent,Early Career,Aggressive,True,True,49
38,technician,married,tertiary,no,432,yes,no,cellular,15,may,10,2,373,1,other,no,38880,Mass,Mid Career,Moderate,True,True,33
51,blue-collar,married,secondary,no,26,yes,no,unknown,5,may,79,1,-1,0,unknown,no,2340,Mass,Pre-Retirement,Moderate,True,False,30
60,self-employed,single,secondary,no,312,yes,no,unknown,2,jun,210,2,-1,0,unknown,no,28080,Mass,Pre-Retirement,Conservative,True,True,32
31,unemployed,married,secondary,no,31,yes,no,cellular,15,jul,211,6,-1,0,unknown,no,2790,Mass,Early Career,Moderate,False,False,30
43,management,single,tertiary,no,946,no,no,telephone,28,aug,40,1,-1,0,unknown,no,85140,Emerging Affluent,Mid Career,Moderate,True,True,67
22,blue-collar,single,secondary,no,3992,yes,yes,unknown,19,may,194,2,-1,0,unknown,no,359280,Affluent,Young Adult,Conservative,True,True,39
48,unemployed,married,secondary,no,3287,yes,yes,cellular,20,apr,242,2,307,1,failure,no,295830,Affluent,Mid Career,Conservative,False,True,34
59,management,married,tertiary,no,1069,no,no,cellular,29,jul,85,2,-1,0,unknown,no,96210,Emerging Affluent,Pre-Retirement,Conservative,True,True,68
25,services,single,secondary,no,-41,no,yes,cellular,14,jul,114,2,-1,0,unknown,no,-3690,Mass,Young Adult,Moderate,True,False,40
29,unemployed,married,secondary,no,-25,yes,no,cellular,17,jul,143,1,-1,0,unknown,no,-2250,Mass,Early Career,Moderate,False,False,30
56,management,single,tertiary,no,545,yes,no,cellular,29,jan,86,1,-1,0,unknown,no,49050,Mass,Pre-Retirement,Conservative,True,True,34
31,blue-collar,single,secondary,no,53,yes,no,unknown,7,may,446,1,-1,0,unknown,no,4770,Mass,Early Career,Moderate,True,False,30
34,management,single,tertiary,no,2015,no,no,unknown,21,may,388,1,-1,0,unknown,no,181350,Emerging Affluent,Early Career,Aggressive,True,True,75
50,blue-collar,married,primary,no,-294,yes,no,unknown,6,jun,79,3,-1,0,unknown,no,-26460,Mass,Mid Career,Moderate,True,False,30
53,technician,married,secondary,no,1835,yes,no,cellular,21,nov,184,2,-1,0,unknown,no,165150,Emerging Affluent,Pre-Retirement,Moderate,True,True,43
37,admin.,married,secondary,no,1314,yes,no,cellular,21,aug,200,1,91,10,failure,no,118260,Emerging Affluent,Mid Career,Moderate,True,True,39
30,technician,single,tertiary,no,3,yes,no,unknown,7,may,174,1,-1,0,unknown,no,270,Mass,Early Career,Moderate,True,False,30
42,management,married,unknown,no,342,yes,no,unknown,2,jun,156,5,-1,0,unknown,no,30780,Mass,Mid Career,Moderate,True,True,32
39,management,married,unknown,no,4800,no,no,unknown,12,jun,135,3,-1,0,unknown,no,432000,Affluent,Mid Career,Moderate,True,True,95
50,services,married,primary,no,-15,no,yes,unknown,2,jul,71,1,-1,0,unknown,no,-1350,Mass,Mid Career,Moderate,True,False,40
40,unemployed,married,secondary,no,1872,no,no,cellular,21,nov,112,1,-1,0,unknown,no,168480,Emerging Affluent,Mid Career,Moderate,False,True,73
30,admin.,married,primary,no,9,yes,yes,cellular,16,apr,323,1,-1,0,unknown,no,810,Mass,Early Career,Conservative,True,False,10
46,services,divorced,secondary,no,864,yes,no,cellular,18,nov,105,5,188,2,failure,no,77760,Emerging Affluent,Mid Career,Moderate,True,True,36
49,blue-collar,married,primary,no,490,yes,no,telephone,18,may,19,5,364,2,failure,no,44100,Mass,Mid Career,Moderate,True,True,34
42,technician,single,secondary,no,541,yes,no,cellular,5,feb,656,1,-1,0,unknown,yes,48690,Mass,Mid Career,Moderate,True,True,34
36,technician,single,secondary,no,2511,yes,no,cellular,16,apr,700,5,-1,0,unknown,yes,225990,Affluent,Mid Career,Moderate,True,True,48
54,blue-collar,married,secondary,no,1487,yes,no,unknown,14,may,302,16,-1,0,unknown,no,133830,Emerging Affluent,Pre-Retirement,Moderate,True,True,41
50,management,married,tertiary,no,5108,yes,no,cellular,18,dec,406,1,182,2,failure,yes,459720,Affluent,Mid Career,Moderate,True,True,67
49,technician,married,secondary,no,10,no,no,cellular,29,aug,135,2,-1,0,unknown,no,900,Mass,Mid Career,Moderate,True,False,60
28,blue-collar,married,secondary,no,1843,yes,no,cellular,20,apr,415,2,-1,0,unknown,no,165870,Emerging Affluent,Early Career,Aggressive,True,True,43
51,housemaid,divorced,primary,no,127,no,no,unknown,13,sep,69,1,-1,0,unknown,no,11430,Mass,Pre-Retirement,Moderate,True,True,61
49,technician,married,secondary,no,-215,yes,no,unknown,26,may,155,2,-1,0,unknown,no,-19350,Mass,Mid Career,Moderate,True,False,30
48,management,divorced,tertiary,no,503,no,yes,unknown,12,jun,1243,7,-1,0,unknown,yes,45270,Mass,Mid Career,Moderate,True,True,44
47,blue-collar,married,primary,no,2749,yes,no,cellular,30,apr,774,2,164,1,failure,yes,247410,Affluent,Mid Career,Moderate,True,True,50
46,blue-collar,married,primary,no,2023,yes,no,cellular,21,nov,118,1,-1,0,unknown,no,182070,Emerging Affluent,Mid Career,Moderate,True,True,45
43,admin.,single,secondary,no,445,yes,no,unknown,19,may,546,2,-1,0,unknown,no,40050,Mass,Mid Career,Moderate,True,True,33
47,blue-collar,married,unknown,no,878,yes,no,cellular,13,may,245,4,-1,0,unknown,no,79020,Emerging Affluent,Mid Career,Moderate,True,True,36
60,management,married,tertiary,no,3029,no,no,cellular,28,aug,26,9,-1,0,unknown,no,272610,Affluent,Pre-Retirement,Conservative,True,True,82
23,housemaid,single,secondary,no,650,yes,no,cellular,14,may,136,1,367,4,failure,no,58500,Emerging Affluent,Young Adult,Aggressive,True,True,35
26,blue-collar,single,secondary,no,249,yes,no,cellular,29,jan,235,3,262,5,failure,no,22410,Mass,Early Career,Moderate,True,True,32
43,admin.,divorced,secondary,no,587,yes,no,cellular,17,jul,282,1,-1,0,unknown,no,52830,Emerging Affluent,Mid Career,Moderate,True,True,34
44,admin.,divorced,secondary,no,4353,yes,no,cellular,15,jul,90,1,-1,0,unknown,no,391770,Affluent,Mid Career,Moderate,True,True,61
45,management,married,tertiary,no,409,no,no,unknown,11,jun,144,1,-1,0,unknown,no,36810,Mass,Mid Career,Moderate,True,True,63
32,student,single,unknown,no,1583,yes,no,unknown,20,may,57,1,-1,0,unknown,no,142470,Emerging Affluent,Early Career,Aggressive,False,True,41
54,management,married,tertiary,no,0,no,no,cellular,5,aug,214,3,-1,0,unknown,no,0,Mass,Pre-Retirement,Moderate,True,False,60
29,technician,single,secondary,no,205,yes,no,cellular,17,apr,218,1,340,3,failure,no,18450,Mass,Early Career,Moderate,True,True,31
35,admin.,married,tertiary,no,690,no,no,cellular,16,oct,108,1,-1,0,unknown,no,62100,Emerging Affluent,Early Career,Moderate,True,True,65
31,unemployed,single,secondary,no,8304,no,no,cellular,20,oct,164,1,183,1,failure,no,747360,HNI,Early Career,Aggressive,False,True,100
31,management,married,tertiary,no,-513,no,yes,cellular,7,jul,124,1,-1,0,unknown,no,-46170,Mass,Early Career,Moderate,True,False,40
60,blue-collar,married,primary,no,7929,no,no,unknown,1,apr,111,1,-1,0,unknown,yes,713610,HNI,Pre-Retirement,Conservative,True,True,100
60,retired,married,tertiary,no,2868,no,no,unknown,20,jun,42,7,-1,0,unknown,no,258120,Affluent,Pre-Retirement,Conservative,False,True,81
35,technician,married,secondary,no,746,no,yes,cellular,27,jan,240,1,-1,0,unknown,no,67140,Emerging Affluent,Early Career,Moderate,True,True,45
33,management,divorced,tertiary,no,2695,yes,no,cellular,12,aug,711,3,-1,0,unknown,no,242550,Affluent,Early Career,Aggressive,True,True,49
52,technician,married,secondary,no,0,no,no,cellular,29,aug,67,2,-1,0,unknown,no,0,Mass,Pre-Retirement,Moderate,True,False,60
28,technician,single,secondary,no,1363,no,no,cellular,27,feb,79,1,-1,0,unknown,yes,122670,Emerging Affluent,Early Career,Aggressive,True,True,70
37,management,married,tertiary,no,4436,no,no,cellular,13,aug,846,5,-1,0,unknown,yes,399240,Affluent,Mid Career,Moderate,True,True,92
41,self-employed,single,tertiary,no,10346,no,no,cellular,14,dec,352,1,182,3,success,no,931140,HNI,Mid Career,Moderate,True,True,100
35,blue-collar,married,primary,no,0,yes,no,unknown,6,may,154,2,-1,0,unknown,no,0,Mass,Early Career,Moderate,True,False,30
45,blue-collar,married,primary,no,1951,no,no,cellular,12,aug,73,2,-1,0,unknown,no,175590,Emerging Affluent,Mid Career,Moderate,True,True,74
32,admin.,single,tertiary,no,902,yes,no,cellular,18,may,50,7,-1,0,unknown,no,81180,Emerging Affluent,Early Career,Aggressive,True,True,36
56,retired,married,secondary,no,1454,no,no,telephone,30,jan,479,1,-1,0,unknown,no,130860,Emerging Affluent,Pre-Retirement,Conservative,False,True,70
28,student,single,secondary,no,101,no,no,cellular,28,jan,90,1,-1,0,unknown,no,9090,Mass,Early Career,Moderate,False,False,61
55,admin.,married,secondary,no,6205,no,no,cellular,6,may,233,2,-1,0,unknown,no,558450,HNI,Pre-Retirement,Conservative,True,True,100
29,blue-collar,married,secondary,no,3007,yes,no,cellular,20,apr,19,5,-1,0,unknown,no,270630,Affluent,Early Career,Aggressive,True,True,52
58,blue-collar,divorced,secondary,no,314,no,no,unknown,25,jun,67,2,-1,0,unknown,no,28260,Mass,Pre-Retirement,Conservative,True,True,62
55,technician,married,secondary,no,891,no,no,unknown,19,jun,268,1,-1,0,unknown,no,80190,Emerging Affluent,Pre-Retirement,Conservative,True,True,66
31,services,divorced,secondary,no,81,yes,no,cellular,16,apr,139,1,-1,0,unknown,no,7290,Mass,Early Career,Moderate,True,False,31
56,services,married,secondary,no,22196,yes,no,cellular,21,nov,189,1,-1,0,unknown,no,1997640,HNI,Pre-Retirement,Conservative,True,True,70
33,technician,single,secondary,no,1500,no,no,cellular,7,aug,133,4,-1,0,unknown,no,135000,Emerging Affluent,Early Career,Aggressive,True,True,71
33,technician,married,secondary,no,2,no,no,cellular,28,aug,385,7,-1,0,unknown,no,180,Mass,Early Career,Moderate,True,False,60
48,admin.,divorced,secondary,no,2662,no,no,unknown,6,jun,298,2,-1,0,unknown,no,239580,Affluent,Mid Career,Moderate,True,True,79
57,services,married,secondary,no,1556,yes,no,cellular,20,nov,340,1,-1,0,unknown,no,140040,Emerging Affluent,Pre-Retirement,Conservative,True,True,41
50,blue-collar,married,primary,no,1203,yes,yes,unknown,28,may,66,7,-1,0,unknown,no,108270,Emerging Affluent,Mid Career,Conservative,True,True,19
29,admin.,single,secondary,no,596,yes,no,cellular,18,may,172,2,346,6,failure,no,53640,Emerging Affluent,Early Career,Aggressive,True,True,34
34,technician,married,secondary,no,456,yes,no,unknown,23,may,621,1,-1,0,unknown,no,41040,Mass,Early Career,Moderate,True,True,33
31,technician,single,secondary,no,579,yes,yes,cellular,17,apr,469,3,322,15,other,no,52110,Emerging Affluent,Early Career,Conservative,True,True,14
58,admin.,married,secondary,no,1455,yes,no,cellular,21,jul,119,1,-1,0,unknown,no,130950,Emerging Affluent,Pre-Retirement,Conservative,True,True,40
31,services,single,secondary,no,8,no,no,cellular,7,jul,340,3,-1,0,unknown,no,720,Mass,Early Career,Moderate,True,False,60
50,blue-collar,married,secondary,no,616,yes,no,cellular,6,aug,439,6,-1,0,unknown,no,55440,Emerging Affluent,Mid Career,Moderate,True,True,34
47,blue-collar,married,primary,no,176,yes,no,unknown,30,may,35,1,-1,0,unknown,no,15840,Mass,Mid Career,Moderate,True,True,31
43,blue-collar,married,secondary,no,960,yes,no,unknown,15,may,436,1,-1,0,unknown,no,86400,Emerging Affluent,Mid Career,Moderate,True,True,37
31,management,married,tertiary,no,91,no,no,unknown,27,may,145,2,-1,0,unknown,no,8190,Mass,Early Career,Moderate,True,False,61
46,blue-collar,married,primary,no,1,yes,yes,telephone,10,jul,270,7,-1,0,unknown,no,90,Mass,Mid Career,Conservative,True,False,10
26,unemployed,single,secondary,no,632,no,no,cellular,12,feb,218,1,-1,0,unknown,yes,56880,Emerging Affluent,Early Career,Aggressive,False,True,65
40,management,married,tertiary,no,384,no,no,unknown,28,may,191,2,-1,0,unknown,no,34560,Mass,Mid Career,Moderate,True,True,63
46,admin.,divorced,secondary,no,-637,yes,no,cellular,8,may,218,1,172,1,failure,no,-57330,Mass,Mid Career,Moderate,True,False,30
57,self-employed,married,tertiary,no,894,yes,no,cellular,18,nov,79,1,-1,0,unknown,no,80460,Emerging Affluent,Pre-Retirement,Conservative,True,True,36
33,management,married,tertiary,no,2213,no,no,cellular,18,feb,240,1,385,9,failure,no,199170,Emerging Affluent,Early Career,Aggressive,True,True,76
48,technician,divorced,secondary,no,164,yes,no,unknown,12,may,139,2,-1,0,unknown,no,14760,Mass,Mid Career,Moderate,True,True,31
34,entrepreneur,married,primary,no,165,yes,no,cellular,17,apr,182,2,329,1,failure,no,14850,Mass,Early Career,Moderate,True,True,31
57,management,married,tertiary,no,1963,no,yes,cellular,8,aug,178,3,-1,0,unknown,no,176670,Emerging Affluent,Pre-Retirement,Conservative,True,True,54
37,technician,single,secondary,no,0,no,no,unknown,5,jun,80,2,-1,0,unknown,no,0,Mass,Mid Career,Moderate,True,False,60
44,self-employed,divorced,tertiary,no,1070,yes,no,cellular,12,aug,137,2,104,3,success,yes,96300,Emerging Affluent,Mid Career,Moderate,True,True,38
57,housemaid,married,primary,no,260,yes,no,unknown,16,may,38,3,-1,0,unknown,no,23400,Mass,Pre-Retirement,Conservative,True,True,32
30,technician,single,tertiary,no,3,yes,no,cellular,6,may,45,2,169,2,failure,no,270,Mass,Early Career,Moderate,True,False,30
48,services,married,secondary,no,127,no,no,cellular,8,jul,117,1,-1,0,unknown,no,11430,Mass,Mid Career,Moderate,True,True,61
51,entrepreneur,married,secondary,no,-799,no,yes,cellular,15,jul,1001,3,-1,0,unknown,yes,-71910,Mass,Pre-Retirement,Moderate,True,False,40
60,technician,married,secondary,no,2389,yes,yes,cellular,4,may,287,1,-1,0,unknown,no,215010,Affluent,Pre-Retirement,Conservative,True,True,27
37,management,married,tertiary,no,1967,yes,no,cellular,27,may,774,1,-1,0,unknown,no,177030,Emerging Affluent,Mid Career,Moderate,True,True,44
58,retired,married,primary,no,1351,yes,no,telephone,17,apr,392,3,-1,0,unknown,no,121590,Emerging Affluent,Pre-Retirement,Conservative,False,True,40
49,admin.,married,tertiary,no,8413,no,no,cellular,19,aug,131,6,-1,0,unknown,no,757170,HNI,Mid Career,Moderate,True,True,100
26,admin.,single,secondary,no,-35,no,yes,cellular,8,jul,304,1,-1,0,unknown,no,-3150,Mass,Early Career,Moderate,True,False,40
38,technician,married,tertiary,no,206,no,no,cellular,8,apr,350,2,-1,0,unknown,yes,18540,Mass,Mid Career,Moderate,True,True,61
55,retired,married,secondary,no,1126,yes,no,telephone,28,jul,388,2,-1,0,unknown,no,101340,Emerging Affluent,Pre-Retirement,Conservative,False,True,38
37,unemployed,married,primary,no,941,no,no,cellular,2,feb,280,1,-1,0,unknown,no,84690,Emerging Affluent,Mid Career,Moderate,False,True,67
33,blue-collar,married,primary,no,1138,yes,yes,cellular,15,may,122,2,343,4,failure,no,102420,Emerging Affluent,Early Career,Conservative,True,True,18
32,blue-collar,single,secondary,no,235,yes,no,cellular,12,may,482,1,-1,0,unknown,no,21150,Mass,Early Career,Moderate,True,True,32
57,retired,married,secondary,no,1354,no,no,cellular,31,jul,131,9,-1,0,unknown,no,121860,Emerging Affluent,Pre-Retirement,Conservative,False,True,70
44,services,married,secondary,no,522,no,yes,unknown,20,jun,911,1,-1,0,unknown,yes,46980,Mass,Mid Career,Moderate,True,True,44
54,management,married,tertiary,no,12,no,no,telephone,31,jul,77,4,-1,0,unknown,no,1080,Mass,Pre-Retirement,Moderate,True,False,60
48,blue-collar,single,primary,no,396,yes,no,unknown,12,may,194,3,-1,0,unknown,no,35640,Mass,Mid Career,Moderate,True,True,33
39,blue-collar,married,primary,no,532,yes,no,cellular,31,jul,786,2,-1,0,unknown,no,47880,Mass,Mid Career,Moderate,True,True,34
44,management,married,tertiary,no,-692,no,yes,cellular,21,nov,52,2,-1,0,unknown,no,-62280,Mass,Mid Career,Moderate,True,False,40
57,unemployed,married,primary,no,2743,no,no,cellular,29,jan,89,1,-1,0,unknown,no,246870,Affluent,Pre-Retirement,Conservative,False,True,80
39,housemaid,married,tertiary,no,2990,no,no,telephone,30,apr,127,4,-1,0,unknown,no,269100,Affluent,Mid Career,Moderate,True,True,82
46,housemaid,married,primary,no,201,yes,no,cellular,21,jul,91,1,-1,0,unknown,no,18090,Mass,Mid Career,Moderate,True,True,31
39,services,divorced,secondary,no,-152,yes,no,cellular,3,apr,179,3,-1,0,unknown,no,-13680,Mass,Mid Career,Moderate,True,False,30
34,technician,single,secondary,no,194,yes,yes,cellular,15,may,1015,1,-1,0,unknown,yes,17460,Mass,Early Career,Conservative,True,True,11
36,self-employed,single,secondary,no,15,no,no,cellular,18,nov,186,2,-1,0,unknown,no,1350,Mass,Mid Career,Moderate,True,False,60
29,management,single,tertiary,no,5980,yes,no,unknown,28,may,317,1,-1,0,unknown,no,538200,HNI,Early Career,Aggressive,True,True,70
30,technician,married,secondary,no,854,yes,no,unknown,2,jun,163,2,-1,0,unknown,no,76860,Emerging Affluent,Early Career,Aggressive,True,True,36
56,blue-collar,married,primary,no,0,no,no,unknown,27,jun,291,2,-1,0,unknown,no,0,Mass,Pre-Retirement,Conservative,True,False,60
37,admin.,married,secondary,no,-557,yes,yes,cellular,15,may,284,15,-1,0,unknown,no,-50130,Mass,Mid Career,Conservative,True,False,10
38,blue-collar,single,primary,no,3132,no,no,cellular,5,feb,304,1,-1,0,unknown,no,281880,Affluent,Mid Career,Moderate,True,True,83
40,blue-collar,divorced,unknown,no,1171,yes,no,unknown,29,may,431,2,-1,0,unknown,no,105390,Emerging Affluent,Mid Career,Moderate,True,True,38
25,admin.,single,secondary,no,4590,yes,no,unknown,28,may,199,2,-1,0,unknown,no,413100,Affluent,Young Adult,Aggressive,True,True,63
30,blue-collar,married,secondary,no,658,yes,no,cellular,17,apr,99,3,267,1,failure,no,59220,Emerging Affluent,Early Career,Aggressive,True,True,35
37,management,married,tertiary,no,3841,no,no,cellular,11,jul,69,2,-1,0,unknown,no,345690,Affluent,Mid Career,Moderate,True,True,88
39,services,married,secondary,no,1438,yes,no,unknown,20,may,212,2,-1,0,unknown,no,129420,Emerging Affluent,Mid Career,Moderate,True,True,40
24,student,single,tertiary,no,1535,yes,no,unknown,12,may,126,2,-1,0,unknown,no,138150,Emerging Affluent,Young Adult,Aggressive,False,True,41
42,blue-collar,married,secondary,no,1288,yes,no,telephone,2,feb,18,1,-1,0,unknown,no,115920,Emerging Affluent,Mid Career,Moderate,True,True,39
30,technician,single,secondary,no,458,no,no,cellular,20,nov,51,7,-1,0,unknown,no,41220,Mass,Early Career,Moderate,True,True,63
25,student,single,unknown,no,839,no,no,cellular,15,mar,109,1,181,2,other,no,75510,Emerging Affluent,Young Adult,Aggressive,False,True,66
31,blue-collar,married,secondary,no,8,yes,no,cellular,8,may,98,2,170,1,failure,no,720,Mass,Early Career,Moderate,True,False,30
34,management,single,tertiary,no,621,yes,no,cellular,17,nov,97,1,-1,0,unknown,no,55890,Emerging Affluent,Early Career,Aggressive,True,True,34
59,blue-collar,married,primary,no,14,yes,yes,cellular,18,nov,319,2,182,1,failure,no,1260,Mass,Pre-Retirement,Conservative,True,False,10
44,self-employed,married,secondary,no,304,yes,no,telephone,9,feb,15,5,-1,0,unknown,no,27360,Mass,Mid Career,Moderate,True,True,32
53,blue-collar,married,unknown,no,-491,yes,no,unknown,20,jun,124,4,-1,0,unknown,no,-44190,Mass,Pre-Retirement,Moderate,True,False,30
31,blue-collar,single,secondary,no,54,yes,no,cellular,29,jun,401,1,-1,0,unknown,yes,4860,Mass,Early Career,Moderate,True,False,30
47,blue-collar,married,primary,no,3451,no,yes,cellular,21,nov,125,2,-1,0,unknown,no,310590,Affluent,Mid Career,Moderate,True,True,65
40,blue-collar,married,secondary,no,1039,yes,no,cellular,20,nov,57,2,-1,0,unknown,no,93510,Emerging Affluent,Mid Career,Moderate,True,True,37
45,technician,married,primary,no,-158,yes,no,cellular,12,may,317,2,-1,0,unknown,no,-14220,Mass,Mid Career,Moderate,True,False,30
30,management,divorced,tertiary,no,0,no,no,cellular,22,aug,209,2,-1,0,unknown,no,0,Mass,Early Career,Moderate,True,False,60
38,technician,married,secondary,no,751,yes,no,cellular,3,apr,125,1,-1,0,unknown,no,67590,Emerging Affluent,Mid Career,Moderate,True,True,35
38,management,married,unknown,no,933,no,no,unknown,20,jun,95,2,-1,0,unknown,no,83970,Emerging Affluent,Mid Career,Moderate,True,True,67
28,management,single,tertiary,no,1252,yes,yes,cellular,8,jul,319,4,-1,0,unknown,no,112680,Emerging Affluent,Early Career,Conservative,True,True,19
36,blue-collar,single,primary,no,49,yes,no,unknown,8,may,405,1,-1,0,unknown,no,4410,Mass,Mid Career,Moderate,True,False,30
31,technician,single,tertiary,no,3194,no,no,cellular,11,aug,140,2,-1,0,unknown,no,287460,Affluent,Early Career,Aggressive,True,True,83
52,blue-collar,married,secondary,no,2206,yes,no,unknown,15,may,875,5,-1,0,unknown,no,198540,Emerging Affluent,Pre-Retirement,Moderate,True,True,46
32,blue-collar,married,secondary,no,2561,yes,no,unknown,20,may,135,2,-1,0,unknown,no,230490,Affluent,Early Career,Aggressive,True,True,48
24,blue-collar,single,unknown,no,11,yes,no,unknown,13,may,109,2,-1,0,unknown,no,990,Mass,Young Adult,Moderate,True,False,30
30,admin.,married,secondary,no,60,no,yes,cellular,25,jul,61,2,-1,0,unknown,no,5400,Mass,Early Career,Moderate,True,False,40
55,blue-collar,married,primary,no,283,no,yes,cellular,9,jul,115,1,-1,0,unknown,no,25470,Mass,Pre-Retirement,Conservative,True,True,42
54,management,married,tertiary,no,2216,yes,no,cellular,13,oct,167,1,-1,0,unknown,no,199440,Emerging Affluent,Pre-Retirement,Moderate,True,True,46
45,blue-collar,married,tertiary,no,47,yes,no,cellular,28,jan,1972,2,-1,0,unknown,no,4230,Mass,Mid Career,Moderate,True,False,30
36,services,single,secondary,no,248,yes,no,unknown,7,may,90,2,-1,0,unknown,no,22320,Mass,Mid Career,Moderate,True,True,32
38,housemaid,married,primary,no,3918,no,no,cellular,27,aug,101,3,-1,0,unknown,no,352620,Affluent,Mid Career,Moderate,True,True,88
59,management,married,tertiary,no,138,yes,yes,cellular,16,nov,162,2,187,5,failure,no,12420,Mass,Pre-Retirement,Conservative,True,True,11
33,admin.,divorced,secondary,no,212,yes,no,unknown,7,jan,23,1,-1,0,unknown,no,19080,Mass,Early Career,Moderate,True,True,32
61,retired,married,secondary,no,483,no,no,cellular,23,apr,164,1,-1,0,unknown,no,43470,Mass,Senior,Conservative,False,True,63
54,management,married,tertiary,no,446,no,no,cellular,3,mar,133,4,102,4,other,no,40140,Mass,Pre-Retirement,Moderate,True,True,63
31,blue-collar,single,primary,no,985,yes,no,unknown,12,may,178,2,-1,0,unknown,no,88650,Emerging Affluent,Early Career,Aggressive,True,True,37
33,technician,married,secondary,no,1264,no,yes,cellular,8,aug,100,6,-1,0,unknown,no,113760,Emerging Affluent,Early Career,Aggressive,True,True,49
44,blue-collar,married,secondary,no,144,yes,no,unknown,5,may,247,2,-1,0,unknown,no,12960,Mass,Mid Career,Moderate,True,True,31
24,technician,single,secondary,no,-256,yes,no,unknown,26,may,110,2,-1,0,unknown,no,-23040,Mass,Young Adult,Moderate,True,False,30
47,entrepreneur,married,tertiary,no,0,no,no,cellular,16,feb,261,2,-1,0,unknown,yes,0,Mass,Mid Career,Moderate,True,False,60
31,entrepreneur,married,secondary,no,162,yes,yes,cellular,11,may,0,2,-1,0,unknown,no,14580,Mass,Early Career,Conservative,True,True,11
30,services,married,secondary,no,0,yes,no,cellular,7,may,512,1,-1,0,unknown,no,0,Mass,Early Career,Moderate,True,False,30
46,blue-collar,married,primary,no,14,no,no,cellular,7,jul,407,1,-1,0,unknown,no,1260,Mass,Mid Career,Moderate,True,False,60
35,management,single,tertiary,no,1599,yes,yes,cellular,13,apr,407,1,-1,0,unknown,yes,143910,Emerging Affluent,Early Career,Conservative,True,True,22
33,blue-collar,married,secondary,no,2366,yes,no,cellular,11,may,249,1,356,2,failure,no,212940,Affluent,Early Career,Aggressive,True,True,47
27,services,single,secondary,no,4923,yes,no,unknown,19,may,57,7,-1,0,unknown,no,443070,Affluent,Early Career,Aggressive,True,True,65
33,technician,married,tertiary,no,8023,no,no,cellular,30,nov,107,1,105,3,failure,no,722070,HNI,Early Career,Aggressive,True,True,100
50,services,married,secondary,no,961,no,yes,cellular,14,aug,757,4,-1,0,unknown,no,86490,Emerging Affluent,Mid Career,Moderate,True,True,47
33,management,single,tertiary,no,54,no,no,unknown,7,may,262,2,-1,0,unknown,no,4860,Mass,Early Career,Moderate,True,False,60
32,blue-collar,divorced,secondary,no,201,yes,no,cellular,15,may,63,8,365,24,other,no,18090,Mass,Early Career,Moderate,True,True,31
37,management,divorced,primary,yes,0,yes,no,telephone,24,jul,305,1,-1,0,unknown,no,0,Mass,Mid Career,Conservative,True,False,20
26,unemployed,single,tertiary,no,102,no,no,cellular,28,jul,377,2,-1,0,unknown,no,9180,Mass,Early Career,Moderate,False,False,61
26,self-employed,single,tertiary,no,657,no,yes,cellular,17,mar,159,2,-1,0,unknown,no,59130,Emerging Affluent,Early Career,Aggressive,True,True,45
76,self-employed,married,unknown,no,4984,no,no,telephone,28,apr,403,1,182,1,success,yes,448560,Affluent,Senior,Conservative,True,True,96
52,entrepreneur,married,tertiary,no,618,yes,yes,unknown,14,may,166,2,-1,0,unknown,no,55620,Emerging Affluent,Pre-Retirement,Conservative,True,True,14
28,entrepreneur,single,unknown,no,1306,yes,no,unknown,19,may,396,3,-1,0,unknown,no,117540,Emerging Affluent,Early Career,Aggressive,True,True,39
36,blue-collar,married,secondary,no,0,yes,no,cellular,17,nov,273,2,131,1,failure,no,0,Mass,Mid Career,Moderate,True,False,30
78,retired,married,primary,no,832,no,no,telephone,11,may,97,3,-1,0,unknown,no,74880,Emerging Affluent,Senior,Conservative,False,True,66
30,management,single,tertiary,no,171,no,no,cellular,25,aug,301,4,-1,0,unknown,no,15390,Mass,Early Career,Moderate,True,True,61
33,admin.,single,secondary,no,-281,yes,yes,cellular,20,nov,282,1,-1,0,unknown,no,-25290,Mass,Early Career,Conservative,True,False,10
39,management,married,tertiary,no,1654,no,yes,cellular,21,nov,151,1,-1,0,unknown,no,148860,Emerging Affluent,Mid Career,Moderate,True,True,52
58,technician,married,secondary,no,1463,yes,no,cellular,12,aug,110,3,-1,0,unknown,no,131670,Emerging Affluent,Pre-Retirement,Conservative,True,True,41
51,technician,married,secondary,no,113,no,no,cellular,19,nov,193,1,-1,0,unknown,no,10170,Mass,Pre-Retirement,Moderate,True,True,61
55,retired,married,tertiary,no,101,yes,no,cellular,9,jul,111,1,-1,0,unknown,no,9090,Mass,Pre-Retirement,Conservative,False,False,31
40,technician,single,secondary,no,153,no,no,cellular,7,aug,125,2,-1,0,unknown,no,13770,Mass,Mid Career,Moderate,True,True,61
45,technician,married,secondary,no,1831,no,no,cellular,27,may,275,2,-1,0,unknown,yes,164790,Emerging Affluent,Mid Career,Moderate,True,True,73
32,blue-collar,single,primary,no,1660,no,no,unknown,20,may,14,1,-1,0,unknown,no,149400,Emerging Affluent,Early Career,Aggressive,True,True,72
45,technician,married,secondary,no,315,yes,no,cellular,30,jun,103,1,-1,0,unknown,no,28350,Mass,Mid Career,Moderate,True,True,32
55,entrepreneur,divorced,tertiary,no,1730,no,no,cellular,17,nov,89,2,118,3,failure,no,155700,Emerging Affluent,Pre-Retirement,Conservative,True,True,72
33,technician,married,secondary,yes,72,yes,no,unknown,6,may,623,1,-1,0,unknown,no,6480,Mass,Early Career,Conservative,True,False,21
42,management,married,tertiary,no,6060,yes,no,cellular,30,apr,316,1,350,2,failure,yes,545400,HNI,Mid Career,Moderate,True,True,70
34,management,married,tertiary,no,273,yes,no,cellular,20,nov,308,1,188,1,success,no,24570,Mass,Early Career,Moderate,True,True,32
34,technician,single,secondary,no,302,yes,no,unknown,14,may,282,1,-1,0,unknown,no,27180,Mass,Early Career,Moderate,True,True,32
59,technician,married,secondary,no,1866,no,no,telephone,3,feb,288,2,215,1,other,no,167940,Emerging Affluent,Pre-Retirement,Conservative,True,True,73
31,self-employed,married,tertiary,no,3220,no,no,cellular,26,aug,74,4,-1,0,unknown,no,289800,Affluent,Early Career,Aggressive,True,True,83
39,management,divorced,tertiary,no,6,yes,no,cellular,28,jan,139,2,-1,0,unknown,no,540,Mass,Mid Career,Moderate,True,False,30
44,technician,married,secondary,no,366,no,yes,cellular,18,aug,212,12,-1,0,unknown,no,32940,Mass,Mid Career,Moderate,True,True,43
54,admin.,married,secondary,no,263,no,yes,telephone,29,jan,283,4,195,7,failure,no,23670,Mass,Pre-Retirement,Moderate,True,True,42
45,technician,married,secondary,no,366,no,yes,cellular,3,feb,235,2,169,12,failure,no,32940,Mass,Mid Career,Moderate,True,True,43
37,self-employed,married,tertiary,no,144,yes,no,unknown,5,jun,247,2,-1,0,unknown,no,12960,Mass,Mid Career,Moderate,True,True,31
53,management,married,secondary,no,51,yes,no,cellular,17,apr,109,1,-1,0,unknown,no,4590,Mass,Pre-Retirement,Moderate,True,False,30
51,services,divorced,secondary,no,65,no,yes,cellular,15,jul,881,1,-1,0,unknown,yes,5850,Mass,Pre-Retirement,Moderate,True,False,40
50,unemployed,married,secondary,no,193,yes,no,unknown,18,jun,305,6,-1,0,unknown,no,17370,Mass,Mid Career,Moderate,False,True,31
33,management,married,tertiary,no,0,yes,no,unknown,6,may,290,1,-1,0,unknown,no,0,Mass,Early Career,Moderate,True,False,30
37,unemployed,single,secondary,no,1020,yes,no,cellular,15,jul,348,1,-1,0,unknown,no,91800,Emerging Affluent,Mid Career,Moderate,False,True,37
39,retired,single,primary,no,-79,no,no,unknown,9,may,180,1,-1,0,unknown,no,-7110,Mass,Mid Career,Moderate,False,False,60
49,blue-collar,married,primary,no,902,no,no,unknown,9,jun,210,2,-1,0,unknown,no,81180,Emerging Affluent,Mid Career,Moderate,True,True,66
35,blue-collar,single,secondary,no,270,yes,no,cellular,17,apr,216,1,-1,0,unknown,no,24300,Mass,Early Career,Moderate,True,True,32
33,services,married,secondary,no,740,no,yes,unknown,30,jun,266,3,-1,0,unknown,no,66600,Emerging Affluent,Early Career,Aggressive,True,True,45
30,blue-collar,single,secondary,no,-390,yes,no,cellular,5,may,275,1,-1,0,unknown,no,-35100,Mass,Early Career,Moderate,True,False,30
30,admin.,single,tertiary,no,33,yes,no,cellular,25,jul,396,1,-1,0,unknown,no,2970,Mass,Early Career,Moderate,True,False,30
57,self-employed,married,secondary,no,7747,no,no,cellular,7,aug,102,2,-1,0,unknown,no,697230,HNI,Pre-Retirement,Conservative,True,True,100
39,blue-collar,single,secondary,no,29,yes,no,unknown,7,may,214,2,-1,0,unknown,no,2610,Mass,Mid Career,Moderate,True,False,30
30,management,married,tertiary,no,3330,no,no,cellular,7,aug,109,6,-1,0,unknown,no,299700,Affluent,Early Career,Aggressive,True,True,84
36,unemployed,married,secondary,no,-129,yes,no,cellular,29,jul,121,3,-1,0,unknown,no,-11610,Mass,Mid Career,Moderate,False,False,30
38,entrepreneur,married,secondary,no,0,yes,yes,cellular,17,nov,258,1,-1,0,unknown,no,0,Mass,Mid Career,Conservative,True,False,10
54,management,married,tertiary,no,2960,yes,no,cellular,13,feb,94,9,85,1,failure,no,266400,Affluent,Pre-Retirement,Moderate,True,True,51
56,blue-collar,married,secondary,no,324,no,no,cellular,18,aug,213,5,-1,0,unknown,no,29160,Mass,Pre-Retirement,Conservative,True,True,62
42,management,married,tertiary,no,294,no,no,cellular,26,aug,513,1,-1,0,unknown,yes,26460,Mass,Mid Career,Moderate,True,True,62
47,blue-collar,married,secondary,no,11305,no,no,cellular,22,aug,118,6,-1,0,unknown,no,1017450,HNI,Mid Career,Moderate,True,True,100
39,blue-collar,married,secondary,no,23,yes,no,unknown,12,may,22,5,-1,0,unknown,no,2070,Mass,Mid Career,Moderate,True,False,30
40,management,married,tertiary,no,1777,yes,no,cellular,18,nov,81,4,-1,0,unknown,no,159930,Emerging Affluent,Mid Career,Moderate,True,True,43
45,blue-collar,married,primary,no,246,yes,no,unknown,14,may,263,1,-1,0,unknown,no,22140,Mass,Mid Career,Moderate,True,True,32
35,blue-collar,married,secondary,no,4635,yes,no,unknown,20,may,148,1,-1,0,unknown,no,417150,Affluent,Early Career,Moderate,True,True,63
35,self-employed,married,tertiary,no,7990,yes,no,cellular,4,feb,357,1,-1,0,unknown,no,719100,HNI,Early Career,Moderate,True,True,70
30,technician,single,secondary,no,3144,no,no,cellular,19,may,212,2,-1,0,unknown,yes,282960,Affluent,Early Career,Aggressive,True,True,83
46,services,married,secondary,no,9,no,no,unknown,16,may,297,4,-1,0,unknown,no,810,Mass,Mid Career,Moderate,True,False,60
52,retired,married,secondary,no,1956,no,no,unknown,6,jun,384,2,-1,0,unknown,no,176040,Emerging Affluent,Pre-Retirement,Moderate,False,True,74
51,services,married,primary,no,56,no,yes,cellular,24,jul,149,2,-1,0,unknown,no,5040,Mass,Pre-Retirement,Moderate,True,False,40
57,management,married,tertiary,no,1357,yes,yes,cellular,18,nov,97,2,-1,0,unknown,no,122130,Emerging Affluent,Pre-Retirement,Conservative,True,True,20
41,admin.,married,secondary,no,705,yes,no,unknown,13,may,205,1,-1,0,unknown,no,63450,Emerging Affluent,Mid Career,Moderate,True,True,35
48,services,married,secondary,no,1355,no,no,cellular,12,aug,409,7,-1,0,unknown,no,121950,Emerging Affluent,Mid Career,Moderate,True,True,70
55,services,married,primary,no,269,no,no,cellular,25,aug,89,4,-1,0,unknown,no,24210,Mass,Pre-Retirement,Conservative,True,True,62
50,technician,married,secondary,no,20,yes,no,cellular,9,jul,95,1,-1,0,unknown,no,1800,Mass,Mid Career,Moderate,True,False,30
35,management,married,tertiary,no,451,yes,no,cellular,17,apr,220,6,-1,0,unknown,no,40590,Mass,Early Career,Moderate,True,True,33
34,unemployed,married,secondary,no,6438,yes,no,cellular,21,nov,21,7,-1,0,unknown,no,579420,HNI,Early Career,Aggressive,False,True,70
30,services,married,secondary,no,227,no,yes,unknown,3,jun,23,1,-1,0,unknown,no,20430,Mass,Early Career,Moderate,True,True,42
34,blue-collar,married,primary,no,6575,yes,no,unknown,26,may,405,4,-1,0,unknown,no,591750,HNI,Early Career,Aggressive,True,True,70
40,self-employed,divorced,secondary,no,1876,no,yes,unknown,20,jun,269,1,-1,0,unknown,no,168840,Emerging Affluent,Mid Career,Moderate,True,True,54
40,admin.,married,secondary,no,-666,yes,no,unknown,27,may,107,2,-1,0,unknown,no,-59940,Mass,Mid Career,Moderate,True,False,30
26,services,married,secondary,no,104,no,no,unknown,14,may,7,1,-1,0,unknown,no,9360,Mass,Early Career,Moderate,True,False,61
31,blue-collar,married,secondary,no,897,yes,no,unknown,20,may,26,2,-1,0,unknown,no,80730,Emerging Affluent,Early Career,Aggressive,True,True,36
59,management,married,tertiary,no,281,no,no,cellular,8,jul,430,2,-1,0,unknown,no,25290,Mass,Pre-Retirement,Conservative,True,True,62
30,management,single,tertiary,no,382,yes,no,cellular,21,jul,200,2,-1,0,unknown,no,34380,Mass,Early Career,Moderate,True,True,33
39,blue-collar,married,secondary,no,-99,no,no,cellular,17,jul,260,1,-1,0,unknown,no,-8910,Mass,Mid Career,Moderate,True,False,60
21,student,single,secondary,no,2488,no,no,cellular,12,oct,180,1,-1,0,unknown,yes,223920,Affluent,Young Adult,Aggressive,False,True,78
52,management,married,secondary,no,-588,yes,no,cellular,22,jul,81,4,-1,0,unknown,no,-52920,Mass,Pre-Retirement,Moderate,True,False,30
34,technician,married,secondary,no,1,no,yes,unknown,25,jun,53,1,-1,0,unknown,no,90,Mass,Early Career,Moderate,True,False,40
58,retired,divorced,primary,no,2745,no,yes,cellular,15,apr,469,1,-1,0,unknown,no,247050,Affluent,Pre-Retirement,Conservative,False,True,60
78,retired,divorced,secondary,no,3219,no,no,cellular,24,feb,151,1,-1,0,unknown,yes,289710,Affluent,Senior,Conservative,False,True,83
39,management,divorced,tertiary,no,224,no,no,cellular,5,apr,208,1,-1,0,unknown,yes,20160,Mass,Mid Career,Moderate,True,True,62
54,admin.,divorced,secondary,no,791,no,yes,cellular,10,jul,66,1,-1,0,unknown,no,71190,Emerging Affluent,Pre-Retirement,Moderate,True,True,46
27,blue-collar,married,unknown,no,-442,yes,no,unknown,30,may,85,7,-1,0,unknown,no,-39780,Mass,Early Career,Moderate,True,False,30
66,housemaid,married,secondary,no,1929,no,no,cellular,2,feb,169,1,-1,0,unknown,no,173610,Emerging Affluent,Senior,Conservative,True,True,74
45,technician,married,tertiary,no,377,yes,no,unknown,19,jun,835,3,-1,0,unknown,yes,33930,Mass,Mid Career,Moderate,True,True,33
39,technician,single,secondary,no,69,no,no,cellular,26,aug,183,3,-1,0,unknown,no,6210,Mass,Mid Career,Moderate,True,False,60
35,admin.,divorced,secondary,no,183,no,yes,cellular,6,feb,12,7,217,1,failure,no,16470,Mass,Early Career,Moderate,True,True,41
54,management,married,tertiary,no,67,yes,no,cellular,2,feb,161,3,73,1,other,no,6030,Mass,Pre-Retirement,Moderate,True,False,30
39,management,married,primary,no,738,yes,yes,cellular,18,jul,215,3,-1,0,unknown,no,66420,Emerging Affluent,Mid Career,Conservative,True,True,15
57,retired,married,tertiary,no,42,no,no,cellular,29,aug,68,4,-1,0,unknown,no,3780,Mass,Pre-Retirement,Conservative,False,False,60
49,housemaid,married,primary,no,3376,no,no,unknown,9,jun,119,3,-1,0,unknown,no,303840,Affluent,Mid Career,Moderate,True,True,84
37,housemaid,married,primary,no,2410,no,no,cellular,4,aug,315,1,-1,0,unknown,no,216900,Affluent,Mid Career,Moderate,True,True,77
42,services,divorced,secondary,no,11177,yes,no,cellular,14,may,229,6,373,1,other,no,1005930,HNI,Mid Career,Moderate,True,True,70
57,management,married,tertiary,no,1636,no,no,cellular,17,nov,123,1,-1,0,unknown,no,147240,Emerging Affluent,Pre-Retirement,Conservative,True,True,72
46,blue-collar,married,primary,no,185,no,no,cellular,25,aug,226,10,-1,0,unknown,no,16650,Mass,Mid Career,Moderate,True,True,61
34,management,married,tertiary,no,6808,yes,no,cellular,21,nov,8,3,-1,0,unknown,no,612720,HNI,Early Career,Aggressive,True,True,70
41,housemaid,married,secondary,no,13,no,no,cellular,11,aug,155,4,-1,0,unknown,no,1170,Mass,Mid Career,Moderate,True,False,60
49,blue-collar,married,primary,no,923,no,no,unknown,20,jun,471,2,-1,0,unknown,no,83070,Emerging Affluent,Mid Career,Moderate,True,True,67
38,services,single,primary,no,-87,yes,no,cellular,13,may,531,1,-1,0,unknown,no,-7830,Mass,Mid Career,Moderate,True,False,30
32,technician,divorced,secondary,no,-262,yes,no,telephone,28,aug,85,24,-1,0,unknown,no,-23580,Mass,Early Career,Moderate,True,False,30
29,management,single,tertiary,no,-158,yes,no,unknown,28,may,399,1,-1,0,unknown,no,-14220,Mass,Early Career,Moderate,True,False,30
34,blue-collar,married,primary,no,6718,no,no,cellular,13,jan,278,4,97,1,other,no,604620,HNI,Early Career,Aggressive,True,True,100
47,management,married,tertiary,no,1028,no,yes,cellular,17,nov,55,1,-1,0,unknown,no,92520,Emerging Affluent,Mid Career,Moderate,True,True,47
48,services,single,secondary,no,2749,no,no,cellular,19,nov,442,1,-1,0,unknown,no,247410,Affluent,Mid Career,Moderate,True,True,80
37,admin.,single,secondary,no,686,yes,no,cellular,5,may,253,3,280,2,failure,no,61740,Emerging Affluent,Mid Career,Moderate,True,True,35
36,technician,married,secondary,no,2394,no,no,cellular,14,aug,184,2,-1,0,unknown,no,215460,Affluent,Mid Career,Moderate,True,True,77
33,management,single,secondary,no,-298,no,no,cellular,22,aug,168,2,-1,0,unknown,no,-26820,Mass,Early Career,Moderate,True,False,60
30,admin.,married,tertiary,no,400,yes,no,cellular,7,may,223,1,-1,0,unknown,no,36000,Mass,Early Career,Moderate,True,True,33
37,management,single,tertiary,no,553,no,no,cellular,12,aug,63,2,-1,0,unknown,no,49770,Mass,Mid Career,Moderate,True,True,64
35,technician,married,secondary,no,650,yes,no,cellular,14,may,241,2,349,2,failure,no,58500,Emerging Affluent,Early Career,Moderate,True,True,35
34,management,married,tertiary,no,11,yes,no,cellular,18,nov,123,1,124,1,failure,no,990,Mass,Early Career,Moderate,True,False,30
31,technician,single,tertiary,no,2530,yes,no,cellular,16,apr,60,1,342,1,failure,no,227700,Affluent,Early Career,Aggressive,True,True,48
34,admin.,married,secondary,no,2,yes,no,cellular,25,jul,137,11,-1,0,unknown,no,180,Mass,Early Career,Moderate,True,False,30
46,management,married,tertiary,no,699,no,no,cellular,2,feb,241,1,-1,0,unknown,no,62910,Emerging Affluent,Mid Career,Moderate,True,True,65
31,self-employed,married,tertiary,no,259,yes,no,cellular,7,may,47,1,-1,0,unknown,no,23310,Mass,Early Career,Moderate,True,True,32
26,blue-collar,married,primary,no,40,no,yes,cellular,28,jul,49,3,-1,0,unknown,no,3600,Mass,Early Career,Moderate,True,False,40
32,management,married,tertiary,no,3442,no,no,cellular,18,nov,475,1,-1,0,unknown,no,309780,Affluent,Early Career,Aggressive,True,True,85
21,blue-collar,single,secondary,yes,-59,yes,yes,unknown,4,jun,83,1,-1,0,unknown,no,-5310,Mass,Young Adult,Conservative,True,False,0
33,entrepreneur,single,tertiary,no,99,no,yes,cellular,31,jul,192,3,-1,0,unknown,no,8910,Mass,Early Career,Moderate,True,False,41
32,management,married,tertiary,no,183,yes,no,cellular,7,aug,112,3,-1,0,unknown,no,16470,Mass,Early Career,Moderate,True,True,31
31,unemployed,married,secondary,no,3242,no,no,unknown,25,jun,292,2,-1,0,unknown,no,291780,Affluent,Early Career,Aggressive,False,True,83
37,services,single,secondary,no,-196,yes,no,unknown,7,may,207,1,-1,0,unknown,no,-17640,Mass,Mid Career,Moderate,True,False,30
59,entrepreneur,married,tertiary,no,1728,no,no,cellular,7,jul,575,2,-1,0,unknown,no,155520,Emerging Affluent,Pre-Retirement,Conservative,True,True,72
32,technician,married,secondary,no,5,yes,no,cellular,17,nov,114,1,-1,0,unknown,no,450,Mass,Early Career,Moderate,True,False,30
29,admin.,single,secondary,no,468,yes,yes,unknown,23,may,353,1,-1,0,unknown,no,42120,Mass,Early Career,Conservative,True,True,13
41,management,married,tertiary,no,1234,no,no,unknown,17,jun,68,1,-1,0,unknown,no,111060,Emerging Affluent,Mid Career,Moderate,True,True,69
40,management,married,tertiary,no,89,yes,yes,telephone,9,feb,148,6,-1,0,unknown,no,8010,Mass,Mid Career,Conservative,True,False,11
37,admin.,married,secondary,no,2991,yes,no,cellular,22,jul,139,3,-1,0,unknown,no,269190,Affluent,Mid Career,Moderate,True,True,52
42,management,married,tertiary,no,-1,yes,yes,telephone,8,may,185,1,-1,0,unknown,no,-90,Mass,Mid Career,Conservative,True,False,10
24,blue-collar,single,secondary,no,77,yes,no,unknown,16,may,236,2,-1,0,unknown,no,6930,Mass,Young Adult,Moderate,True,False,31
36,management,married,tertiary,no,393,yes,no,cellular,30,apr,555,2,-1,0,unknown,yes,35370,Mass,Mid Career,Moderate,True,True,33
69,technician,married,tertiary,no,482,no,no,cellular,29,jul,478,1,267,1,failure,yes,43380,Mass,Senior,Conservative,True,True,63
40,services,single,secondary,no,573,yes,no,cellular,14,may,329,1,-1,0,unknown,no,51570,Emerging Affluent,Mid Career,Moderate,True,True,34
56,retired,married,primary,no,21,no,no,cellular,29,jul,324,7,-1,0,unknown,no,1890,Mass,Pre-Retirement,Conservative,False,False,60
39,entrepreneur,married,tertiary,no,2,yes,no,cellular,17,nov,180,1,-1,0,unknown,no,180,Mass,Mid Career,Moderate,True,False,30
34,blue-collar,married,primary,no,3,yes,no,telephone,8,may,26,1,-1,0,unknown,no,270,Mass,Early Career,Moderate,True,False,30
36,management,single,tertiary,no,2032,no,yes,cellular,20,nov,736,1,-1,0,unknown,yes,182880,Emerging Affluent,Mid Career,Moderate,True,True,55
44,management,married,tertiary,no,795,no,no,cellular,28,aug,99,24,-1,0,unknown,no,71550,Emerging Affluent,Mid Career,Moderate,True,True,66
40,self-employed,married,primary,no,771,yes,no,unknown,14,may,166,1,-1,0,unknown,no,69390,Emerging Affluent,Mid Career,Moderate,True,True,36
37,unemployed,single,primary,no,1241,no,no,unknown,9,jun,60,2,-1,0,unknown,no,111690,Emerging Affluent,Mid Career,Moderate,False,True,69
51,blue-collar,married,primary,no,42,yes,no,cellular,12,may,51,2,342,3,failure,no,3780,Mass,Pre-Retirement,Moderate,True,False,30
48,blue-collar,married,primary,no,14,no,yes,cellular,7,jul,120,1,-1,0,unknown,no,1260,Mass,Mid Career,Moderate,True,False,40
35,admin.,single,secondary,no,943,no,no,telephone,14,nov,24,1,-1,0,unknown,no,84870,Emerging Affluent,Early Career,Moderate,True,True,67
33,services,married,secondary,no,881,yes,no,unknown,21,may,67,5,-1,0,unknown,no,79290,Emerging Affluent,Early Career,Aggressive,True,True,36
54,management,married,tertiary,no,7249,yes,yes,cellular,4,feb,102,2,77,1,failure,no,652410,HNI,Pre-Retirement,Conservative,True,True,50
31,management,single,tertiary,no,2915,no,no,cellular,30,apr,228,1,86,1,failure,no,262350,Affluent,Early Career,Aggressive,True,True,81
28,student,single,tertiary,no,3717,no,no,telephone,30,oct,177,2,-1,0,unknown,no,334530,Affluent,Early Career,Aggressive,False,True,87
35,technician,divorced,secondary,no,2,no,no,unknown,3,jul,88,1,-1,0,unknown,no,180,Mass,Early Career,Moderate,True,False,60
35,blue-collar,married,secondary,no,162,no,yes,cellular,22,jul,675,2,-1,0,unknown,no,14580,Mass,Early Career,Moderate,True,True,41
53,technician,single,tertiary,no,118,no,no,cellular,14,jul,431,3,-1,0,unknown,no,10620,Mass,Pre-Retirement,Moderate,True,True,61
39,blue-collar,married,primary,no,3324,no,no,cellular,9,jul,108,1,-1,0,unknown,no,299160,Affluent,Mid Career,Moderate,True,True,84
42,blue-collar,married,secondary,no,1540,yes,yes,cellular,18,nov,158,1,-1,0,unknown,no,138600,Emerging Affluent,Mid Career,Conservative,True,True,21
31,blue-collar,married,primary,no,347,no,no,telephone,20,nov,21,1,-1,0,unknown,no,31230,Mass,Early Career,Moderate,True,True,62
45,services,divorced,secondary,no,608,yes,yes,cellular,7,may,1135,3,323,30,failure,yes,54720,Emerging Affluent,Mid Career,Conservative,True,True,14
32,student,single,unknown,no,4110,no,no,cellular,6,feb,119,8,-1,0,unknown,no,369900,Affluent,Early Career,Aggressive,False,True,90
28,entrepreneur,single,tertiary,no,16,no,no,cellular,5,feb,48,1,-1,0,unknown,no,1440,Mass,Early Career,Moderate,True,False,60
35,blue-collar,married,secondary,no,86,no,no,cellular,31,jul,128,2,-1,0,unknown,no,7740,Mass,Early Career,Moderate,True,False,61
27,technician,single,secondary,no,842,no,no,cellular,30,jul,273,1,91,1,other,no,75780,Emerging Affluent,Early Career,Aggressive,True,True,66
39,self-employed,married,secondary,no,4722,yes,no,unknown,17,jun,483,1,-1,0,unknown,no,424980,Affluent,Mid Career,Moderate,True,True,64
57,services,single,secondary,no,2236,yes,no,unknown,14,may,73,2,-1,0,unknown,no,201240,Affluent,Pre-Retirement,Conservative,True,True,46
45,blue-collar,married,primary,no,97,yes,no,unknown,7,may,923,3,-1,0,unknown,no,8730,Mass,Mid Career,Moderate,True,False,31
44,management,married,tertiary,no,7818,no,no,cellular,27,may,412,1,-1,0,unknown,yes,703620,HNI,Mid Career,Moderate,True,True,100
34,technician,married,secondary,no,393,yes,no,cellular,15,may,314,2,177,6,other,no,35370,Mass,Early Career,Moderate,True,True,33
37,self-employed,married,secondary,no,4153,yes,no,cellular,31,jul,35,16,-1,0,unknown,no,373770,Affluent,Mid Career,Moderate,True,True,60
47,management,married,secondary,no,5012,yes,no,cellular,16,apr,262,2,-1,0,unknown,no,451080,Affluent,Mid Career,Moderate,True,True,66
39,blue-collar,divorced,secondary,no,0,yes,no,cellular,11,may,275,2,307,1,other,no,0,Mass,Mid Career,Moderate,True,False,30
37,services,married,primary,no,0,yes,no,unknown,26,may,581,1,-1,0,unknown,no,0,Mass,Mid Career,Moderate,True,False,30
34,blue-collar,married,secondary,no,750,yes,no,unknown,23,may,204,1,-1,0,unknown,no,67500,Emerging Affluent,Early Career,Aggressive,True,True,35
